,Question,A,B,C,D,Answer,Subject
174,Kurš no šiem elementiem NETIEK uzskatīts par šķērsli inovāciju izplatīšanai?,Internets,attālums,Kultūras šķēršļi,Valdības iejaukšanās,A,high_school_geography
66,"Konvertējot kopējo kļūdu skaitu testā uz procentuālo pareizību vai otrādi, mēs veicam kāda veida transformāciju",Lineāru,Nelineāru,Līklīniju,Uzkrāto,A,professional_psychology
62,"Ir zināms, ka gan bezrecepšu niacīns, gan recepšu zāles Lipitor pazemina holesterīna līmeni asinīs. Vienā dubultmaskētā pētījumā Lipitor pārspēja niacīnu. Vidējā holesterīna līmeņa pazemināšanas atšķirības 95% ticamības intervāla novērtējums bija (18, 41). Kurš no šiem secinājumiem ir pamatots?","Niacīns pazemina holesterīna līmeni vidēji par 18 punktiem, bet Lipitor pazemina holesterīna līmeni vidēji par 41 punktu.","Pastāv 0,95 varbūtība, ka Lipitor pārspēs niacīnu jebkura indivīda holesterīna līmeņa pazemināšanā.","Pastāv 0,95 varbūtība, ka Lipitor pārspēs niacīnu vismaz par 23 punktiem, samazinot jebkura indivīda holesterīna līmeni.",Neviens no minētajām,D,high_school_statistics
119,"Noams Čomskis un B. F. Skiners nebija vienisprātis par to, kā bērni apgūst valodu. Kurš no šiem jēdzieniem ir visatbilstošākais atšķirībām starp viņu teorijām?",fonēmas,morfēmas,lingvistiskās relativitātes hipotēze,valodas apguves ierīce,D,high_school_psychology
47,"Saskaņā ar Huemer teikto, pat ja narkotiku lietošana kaitē cilvēka draugiem, ģimenēm un citām attiecībām,",tas joprojām neattaisnotu narkotiku aizliegumu.,tas attaisnotu narkotiku aizliegumu.,"tas attaisnotu narkotiku aizliegumu tikai tad, ja narkotiku lietošana varētu radīt šo kaitējumu.","tas attaisnotu narkotiku aizliegumu tikai tad, ja narkotiku lietošana varētu radīt šāda veida kaitējumu vairāk nekā citas aizliegtas darbības.",A,moral_disputes
4,Kādā situācijā tiek lietoti slēgti maisiņi?,Pacientam ir daļēji veidota vai šķidra izvade.,Pacientam ir kolostomija.,Tūlītējā pēcoperācijas periodā.,Pacientam ir urostomija.,B,clinical_knowledge
631,"Kā sauc mazuli, kurš parādās karikatūrās un komiksos kopā ar Popeye the Sailor?",Punkin,Lamikins,Suga 'baby,Swee 'pea,D,miscellaneous
1015,"Tika sasaukta federālā lielā žūrija, lai izmeklētu ārvalstu valdības iespējamo prezidenta īpašā padomnieka kukuļošanu. Lielā žūrija pārbaudīja ārvalstu valdības centienus panākt transporta lidmašīnu piegādi, ko embargo noteica Valsts departaments. Tieslietu departaments centās noskaidrot, vai ārvalstu valdība ir piedāvājusi kukuļus īpašajam padomniekam un citiem ASV valdības locekļiem, lai nodrošinātu transporta lidmašīnu piegādi. valsts padomnieks liecināja lielajai žūrijai, ka gan viņam, gan prezidentam bija vairākas konferences ar ārvalstu valdības vēstnieku Amerikas Savienotajās Valstīs. Viņš norādīja, ka šajās sanāksmēs viņi apsprieda problēmas savā reģionā kopumā. Tomēr viņš noliedza jebkādu iesaistīšanos ārvalstu valdības centienos nodrošināt transporta lidmašīnu piegādi. Divas nedēļas pēc īpašā padomnieka liecības, lielā žūrija atgrieza apsūdzību, apsūdzot viņu un divus citus prezidenta darbiniekus sazvērestībā, lai veiktu kukuļošanu un sazvērestību, lai apkrāptu ASV valdību. Pēc tam Tieslietu departaments iecēla īpašu prokuroru, lai sagatavotu valdības lietu. Pēc īpašā prokurora ierosinājuma tika izdota pavēste, kurā prezidentam tika uzdots sagatavot protokolu par tikšanos ar ārvalstu valdības īpašo padomnieku un vēstnieku. Īpašais prokurors varēja noteikt precīzus sanāksmju datumus, izmantojot iepriekš uzaicinātus tikšanās protokolus. Prezidents publiskoja vairākus rediģētus šo sarunu atšifrējumus. Tajā pašā dienā prezidenta advokāts iesniedza priekšlikumu atcelt tiesas pavēsti, pieprasot absolūtu izpildvaras privilēģiju. Kurš no šiem apgalvojumiem ir visprecīzākais attiecībā uz prezidenta prasību par izpildvaras privilēģijām?",Saskaņā ar varas dalīšanas doktrīnu federālajai tiesu varai nav pilnvaru pārskatīt prezidenta apgalvojumu par izpildvaras privilēģijām.,Nepieciešamība ievērot augsta līmeņa saziņas konfidencialitāti saglabās absolūtu prezidenta privilēģiju - imunitāti pret tiesvedību visos gadījumos.,III pants nepiešķir federālajām tiesām pilnvaras izšķirt nozares iekšējos strīdus.,"II pants nepiešķir prezidentam absolūtu, nekvalificētu privilēģiju aizturēt pierādījumus no kriminālvajāšanas.",D,professional_law
1418,"Apsūdzētais tika arestēts lidostā, kad tika konstatēts, ka nelielais čemodāns, ko viņš nesa, satur heroīnu. Atbildētājs, kurš neapstrīdēja lidostas kratīšanas likumību, pēc tam tika saukts pie atbildības par heroīna glabāšanu. Tiesā atbildētājs liecināja savā vārdā un teica, ka čemodāns pieder viņa draudzenei, kas pavadīja atbildētāju, kad viņš tika arestēts. Draudzene nomira izpletņlēkšanas negadījumā divas nedēļas pirms apsūdzētā tiesas. Turklāt neveiksme atbildētājs liecināja, ka, lai gan viņš bija bijušais heroīna atkarīgais, viņš pēdējos trīs gadus nav lietojis nekādu heroīnu. Krusteniskajā pārbaudē prokurors lūdza atbildētāju satīt krekla piedurknes un izstādīt rokas, lai redzētu, vai nav adatas zīmju. Šis lūgums ir","apstrīdams, jo atbildētājam ir privilēģija neliecināt pret sevi.","apstrīdams, jo pierādījuma spēku būtiski atsver netaisnīgu aizspriedumu draudi.","pieļaujams, jo šādi pierādījumi ir būtiski atbildētāja uzticamībai.","pieļaujams, jo atbildētājs, iestājoties tiesā, atteicās no savas privilēģijas pret pašapsūdzību.",C,professional_law
581,"Nesenais juridiskās skolas absolvents pieteicās juridiskajam amatam advokātu birojā. Zvērinātu advokātu biroja vecākais partneris sazinājās ar juridiskās skolas profesoru, lai iegūtu informāciju par absolventa kvalifikāciju. Profesors atbildēja: ""Neļaujiet sevi maldināt par augsto novērtējumu, ko es piešķīru absolventam izklaides likumā. Vēlāk es uzzināju, ka viņš ir ieguvis atzīmi krāpjoties. ""Absolvents drīz saņēma vēstuli no advokātu biroja, paziņojot, ka viņš nav piemērots, lai strādātu prestižajā firmā. Pēc tam, kad absolvents saņēma noraidījuma vēstuli, viņš piezvanīja vecākajam partnerim, lai noskaidrotu, kāpēc viņš nav piemērots nodarbinātībai. Vecākais partneris pastāstīja viņam, ko profesors bija teicis, un pēc tam paziņoja: ""Mēs nepieņemam krāpniekus, kuri ir pietiekami stulbi, lai tiktu pieķerti. ""Absolvents ceļ prasību pret profesoru par goda un cieņas aizskaršanu par nepatiesu apsūdzību, ka absolvents ir krāpnieks. Ja profesors aizstāvībā piesauc patiesību, viņam nevajadzētu ļaut iesniegt pierādījumus, kas parāda, ka",absolvents faktiski krāpās ar eksāmenu izklaides tiesību klasē.,"cits profesors viņam pastāstīja, ka absolvents ir krāpies ar admiralitātes likuma gala eksāmenu.","jurisprudences atziņas liecināja, ka absolvents iesniedzis plaģiāta darbu tiesvedības instancē.","absolventa klasesbiedru reputācija bija tāda, ka viņš bieži krāpās juridiskās skolas eksāmenos.",B,professional_law
88,"Attiecībā uz pūļa ietekmi, kurš no šiem ir patiess?",Vīrieši biežāk nekā sievietes rīkojas agresīvi pārpildītos apstākļos.,Vīrieši retāk nekā sievietes izjūt stresu pārpildītu apstākļu dēļ.,Vīriešiem un sievietēm ir vienāda iespēja negatīvi reaģēt uz pārpildītiem apstākļiem.,Vīrieši un sievietes agresīvi reaģē uz pārpildītiem apstākļiem aptuveni tādā pašā pakāpē,B,professional_psychology
142,Ūdens šķīdumā ir sērskābes H2SO3 šķīdums. Kurš no šiem attēlo trīs dažādu jonu koncentrāciju šķīdumā?,[SO32-] > [HSO3-] > [H2SO3],[H2SO3] > [HSO3-] > [SO32-],[H2SO3] > [HSO3-] = [SO32-],[SO32-] = [HSO3-] > [H2SO3],B,high_school_chemistry
210,Kurš no šiem demokrātiem zaudēja Ronaldam Reiganam 1984. gada prezidenta vēlēšanās?,Maikls Dukakis,Walter Mondale,Gerijs Hārts,Džimijs Kārters,B,miscellaneous
416,"Mazākā valodas vienība, kurai ir nozīme, ir",jēdziens,vārds,Fonēma,Morfēma,D,high_school_psychology
19,"Kurš no šiem vislabāk izskaidro, kā dati parasti tiek apkopoti paketēs pārsūtīšanai internetā?","Katrā paketē ir nosūtāmie dati kopā ar metadatiem, kas satur informāciju, ko izmanto datu maršrutēšanai.","Katra pakete satur pārsūtāmo datu šifrētu versiju kopā ar metadatiem, kas satur atslēgu, kas nepieciešama datu atšifrēšanai.","Katrā paketē ir tikai metadati, kas izmantoti tieša savienojuma izveidei, lai datus varētu pārsūtīt.","Katrā paketē ir vairāki datu faili, kas apvienoti kopā, kā arī metadati, kas apraksta, kā kategorizēt katru datu failu.",A,high_school_computer_science
752,"Kurā no šiem diviem scenārijiem galvenais varonis dara kaut ko acīmredzami morāli nepareizu, saskaņā ar parastajiem morāles standartiem ASV no 2020. gada? 1. scenārijs | Es ievietoju savu mobilo tālruni tā jaunajā korpusā. 2. scenārijs | Kamēr mani vecāki cieši gulēja, es nopļāvu viņu pagalmu.","Nepareizi, nepareizi","Nepareizi, nav nepareizi","Nav nepareizi, nepareizi","Nav nepareizi, nav nepareizi",D,moral_scenarios
204,"Daudzi mazumtirdzniecības zīmoli izmanto vienu jumta zīmolu, pamatojoties uz organizācijas nosaukumu. To sauc par:",Ģimenes zīmolu,Korporatīvo zīmolu,Individuālo zīmolu,Ražotāja zīmolu,B,marketing
81,"Koncentrēšanās uz jautājumiem, paredzētā auditorija, kas sniedzas tālāk par akcionāriem, un ___________ brīvprātīgais raksturs to atšķir no _________.","Finanšu grāmatvedība, vides pārvaldības iniciatīvas","Finanšu grāmatvedība, Sociālā grāmatvedība.","Sociālā grāmatvedība, Finanšu grāmatvedība.","Gada pārskata publikācija, Sociālā grāmatvedība",C,business_ethics
99,"Tumsas periodos čiekurveida dziedzeris smadzeņu vidū ražo kādu no šiem hormoniem, kas ir būtisks miega regulēšanai?",Estrogēns,Adrenalīns,Testosterons,Melatonīns,D,high_school_psychology
182,"Karte, kas attēlo vienu statistikas klasi, tiek saukta par", vispārējā lietojuma karti.,tematisko karti.,pārskata karti.,mentālo karti.,B,high_school_geography
84,"Pēc Hobsa domām, miers ir pirmais dabas likums, kuras no šīm situācijām dēļ?",Bez miera ikvienam ir tiesības uz visu - arī uz cita dzīvību.,Miers ir iespējams tikai pēc kara.,Likums nevar panākt mieru.,"Sociālo līgumu nevar noslēgt, ja nav miera.",A,jurisprudence
196,Kuram zemāk esošo reliģiju pārim ir sena tradīcija kremēt savus mirušos?,Hinduistu un budistu,Hinduistu un musulmaņu,Musulmaņu un ebreju,Kristietis un budists,A,high_school_geography
66,Kuru no šiem vielu pāriem var izmantot buferšķīduma pagatavošanai?,NaCl un HCl,HC2H3O2 un KC2H3O2,NaBr un KBr,HIO3 un KClO3,B,high_school_chemistry
71,"Stens kopā ar draugiem iedzer pāris alus. Kurš no šiem SAMAZINĀSIES, ja Stens patērēs tikai 1 alu?",uzbudinājums,Erekcija,kavēšana,orgasms,C,human_sexuality
66,"Šķiet, ka Alcheimera slimības cēlonis ir",Galvenokārt vides,Alumīnijs,Pārsvarā ģenētisks,Apo-E 4,C,human_aging
337,Kāds ir saprātīgs durvju ailes augstums?,2 km,2 cm,2 m,2 mm,C,elementary_mathematics
206,Mīnojieši apdzīvoja _________ Krētas salu.,Vidusjūras reģiona,Ēģiptiešu,Divupes,Indonēžiešu,A,prehistory
191,Ģenerālprokurors ir kuras no šīm struktūrām vadītājs?,Senāta Tieslietu komiteja,Tieslietu departaments,Valsts departaments,Militārā prokuratūra,B,high_school_government_and_politics
36,Pēc definīcijas elektriskā pārvietojuma strāva caur virsmu S ir proporcionāla,magnētiskajai plūsmai caur S,magnētiskās plūsmas izmaiņu ātrumam caur S,magnētiskās plūsmas laika integrālim caur S,elektriskās plūsmas izmaiņu ātrumam caur S,D,college_physics
558,Kur ir lielākā daļa kalcija cilvēka organismā?,Mati,Asinīs,Kaulos,Gremošanas orgānu sistēmā,C,miscellaneous
50,Kura definīcija vislabāk raksturo mediju konverģenci?,Plašsaziņas līdzekļu konglomerācija lielās korporācijās.,"Veids, kādā visi plašsaziņas līdzekļi publicē līdzīgu saturu saviem konkurentiem.",Mūsdienu plašsaziņas līdzekļos paustie daudzie atšķirīgie viedokļi un kultūras.,"Informācija tiek piegādāta dažādos formātos, izmantojot dažādus digitālos kanālus.",D,public_relations
173,"Šis jautājums attiecas uz šādu informāciju.
Reizi divos mēnešos Viņa Majestāte sūta no Limas 60 000 peso, lai samaksātu par indiešu mitām. Huanacavelica klāstā ir 3000 vai 4000 indiešu, kas strādā dzīvsudraba raktuvēs ar cērtēm un āmuriem, sadalot rūdu. Un, kad viņi ir piepildījuši savus mazos maisus, nabaga draugi, nokrāvušies, kāpj augšā pa šīm kāpnēm un takelāžu, tik tik satraukti, ka gandrīz nevar tikt augšā. Tas ir veids, kā viņi strādā šajā raktuvē, ar skaļu dauzīšanās troksni un lielu apjukumu. Tas nav arī lielākais ļaunums; tas ir saistīts ar zaglīgiem un nedisciplinētiem vadītājiem. Saskaņā ar Viņa Majestātes rīkojumu Potosi raktuvju īpašniekiem ir tiesības uz 13 300 indiešu mitām. Šie mita indiāņi katru dienu nopelna 4 reālus. Bez šiem ir arī citi, kuriem nav pienākuma, kuri ļauj sevi nolīgt brīvprātīgi: tie katrs saņem no 12 līdz 16 reāliem, un daži līdz 24, atkarībā no tā, cik labi viņi izturas pret savu cērtēm vai to lai zinātu, kā izvadīt rūdu.
Antonio Vasquez de Espinosa, ziņojums par kalnrūpniecību Huanacavelica un Potosí, 1620. gadi
Trešais galvenais iemesls, kāpēc vietējie jakutu un tungusu vietējie iedzīvotāji ir izpostīti, ir tas, ka no brīža, kad viņi pirmo reizi nonāca Krievijas kontrolē, viņi bija spiesti maksāt yasak nodevu. Daži ir samaksājuši ar sabuļiem, citi - ar rudajām lapsām, vēl citi - skaidrā naudā. Sākumā tur bija daudz pļāpīgu dzīvnieku, bet tagad šajās zemēs nav ne zaķu, ne daudz lapsu, no ziemeļu Ledus okeāna krasti līdz pat dienvidiem līdz lielajai Ļenas upei. Turklāt gandrīz puse vietējo iedzīvotāju nevar medīt, jo viņiem vairs nav zirgu, no kuriem daudzi ir aizdoti yasak kolekcionāriem.
Heinrihs fon Fīhs, ""Par attieksmi pret iedzimtajiem Ziemeļaustrumu Sibīrijā"", 1744
Kurš no turpmāk minētajiem faktoriem, kas nav minēts otrajā rindkopā, visticamāk būtu radījis papildu grūtības vietējiem sibīriešiem, mēģinot izpildīt savus nodevu maksāšanas pienākumus?",Konkurentu mednieku ierašanās no Ķīnas un Japānas,Krievijas kolonistu izraisīto epidēmisko slimību ietekme,Vispārējā klimata sasilšana šajā laika periodā,Samazinātais pieprasījums pēc kažokādām Eiropas un Āzijas elites vidū,B,high_school_world_history
24,Kāda ir atšķirība starp samierināšanu un starpniecību?,"Samierināšana ir mediācijas turpināšana ar atšķirību, ka samierināšana rada saistošu rezultātu, bet mediācija ne","Samierināšanu veic tikai ANO ģenerālsekretāra pārstāvji, bet starpniecību var veikt arī trešo valstu amatpersonas","Mediāciju parasti veic persona, kas iecelta ar pušu piekrišanu, savukārt samierināšana ietver komisiju, kas pāriet uz objektīvu strīda izskatīšanu un ierosina izlīguma noteikumus","Samierināšana ir strīdu izšķiršanas metode, kas tiek īstenota tikai saskaņā ar līgumu, bet mediācija var būt arī uz ad hoc pamata",C,international_law
4,"Neatkarīgo degvielas uzpildes staciju īpašnieki kopienā tiekas slepeni un vienojas saglabāt augstas cenas, lai aizsargātu savu rentabilitāti. Ja viņu plāns tiek atklāts un viņi tiek apsūdzēti noziegumā, viņi var tikt","atzīti par vainīgiem saskaņā ar Šērmana pretmonopola likumu, un viņiem draud cietumsods","atzīti par vainīgiem saskaņā ar Magnuson-Moss garantijas likumu, un viņiem draud lieli naudas sodi",atzīti par vainīgiem saskaņā ar Ādamsona likumu un viņam draud cietumsods un naudas sods,"atzīti par nevainīgiem, jo mazumtirgotājiem ir atļauts pašiem noteikt cenu līmeņus",A,marketing
99,Baiļu argumentācija ietver,"argumentēšanu, ka kaut kas jādara tikai tāpēc, ka tas liks to darītājam justies labi","argumentēšanu, ka kādam kaut kas jādara tikai ļaunprātības dēļ pret kādu citu","argumentēšanu, ka jāveic darbības, lai izvairītos no pārspīlētām, maz ticamām vai neatbilstošām negatīvām sekām","oponenta pozīcijas raksturošanu tādā veidā, lai tā šķistu muļķīga",C,logical_fallacies
47,Idealizētos zinātnes uzskatos eksperimentālā metode ietver:,"jaunu pētniecības metožu testēšanu, lai noskaidrotu, kura no tām ir vispiemērotākā",izolēšanu un viena mainīgā ietekmes uz otru novērtēšanu,"personīgo uzskatu un vērtību izmantošanu, lai izlemtu, ko studēt","subjektīvu datu interpretāciju, balstoties uz teorētiskajām paradigmām",B,sociology
182,"Pārliecinošas komunikācijas pasniegšana un auditorijas darbība, interpretējot šo komunikāciju, lai to asimilētu savā esošajā izpratnē, tiek dēvēta par:",Vajadzību identificēšanu.,Inovēšanu.,Reklāmu.,Rāmēšanu.,D,marketing
202,"Tas ir kaut kas tāds, kas kādā brīdī nākotnē var destabilizēt un/vai samazināt organizācijas potenciālo sniegumu.",Stiprā puse,Vājās puse,Drauds,Iespēja,C,marketing
62,"Procentuālā daļa bērnu Vjetnamā (8 gadi), kuri ziņoja par skolotāju fiziskiem sodiem pagājušajā nedēļā 2009. gadā, bija apmēram cik?",10%,20%,40%,80%,B,global_facts
106,Izvēlieties labāko tulkojumu predikātu loģikā. Aleksi sagaida Bens. (a: Aleksis; b: Bens; Gxy: x sveicina y),pcs,~Gba,aGb,Gba,D,formal_logic
308,"Zinātnieks izmantoja savu automašīnu, lai pārvadātu lielu daudzumu viegli uzliesmojošu naftas atvasinājumu, kas viņam bija nepieciešami zinātniskajiem pētījumiem. Naftas atvasinājumi tika pārdoti parastās stikla galonu krūzēs. Neilgi pēc krūzīšu ievietošanas automašīnas aizmugurē zinātnieks brauca pa pilsētas ielu. Viņš domāja par sarežģītu zinātnisku jautājumu un nepievērsa uzmanību viņa braukšanai. Rezultātā viņš zaudēja kontroli pār automašīnu un uzbrauca uz ietves. Automašīna apgāzās. T stikla krūzes automašīnas aizmugurē bija salauztas, un tajās esošās ķīmiskās vielas izplūda uz ietves. Pēc brīža ārsts, kurš bija nelaimes gadījuma aculiecinieks, pienāca klāt, lai sniegtu medicīnisko palīdzību. Tomēr, tuvojoties apgāztajai automašīnai, ārsts uzslīdēja uz naftas produktiem, kas bija izlijuši uz ietves. Ārsts nokrita un salauza potīti. Ja ārsts izvirzīs prasību pret zinātnieku, pamatojoties uz stingru atbildību, vai ārsts gūs virsroku?","Jā, jo zinātnieks bija iesaistīts neparasti bīstamā darbībā, pārvadājot savā automašīnā viegli uzliesmojošus naftas atvasinājumus.","Jā, jo uzliesmojošu naftas atvasinājumu transportēšana stikla krūzēs noteikti ir saistīta ar augstu nopietna kaitējuma risku.","Nē, jo ārsts uzņēmās risku, brīvprātīgi rīkojoties kā labs samarietis.","Nē, jo nebija paredzams, ka ārsta traumu radīs apdraudētā kaitējuma veids.",D,professional_law
673,"Kurā no šiem diviem scenārijiem galvenais varonis dara kaut ko acīmredzami morāli nepareizu, saskaņā ar parastajiem morāles standartiem ASV no 2020. gada? 1. scenārijs | Es uzrādīju kredītkarti, ko nēsāju makā, lai paliktu dārgā viesnīcā. 2. scenārijs | Es uzliku vecmāmiņai pavadu un izvedu viņu pastaigāties.","Nepareizi, nepareizi","Nepareizi, nav nepareizi","Nav nepareizi, nepareizi","Nav nepareizi, nav nepareizi",C,moral_scenarios
650,Kurš no šiem iemesliem bija nozīmīgs Franklina Rūzvelta Jaunā kursa koalīcijas panākumu iemesls pagājušā gadsimta trīsdesmitajos gados?,Liela afroamerikāņu vēlētāju pāreja no republikāņu uz demokrātu partiju,Liela pilsētu vēlētāju pāreja ziemeļu štatos no republikāņu uz demokrātu partiju,Koncentrēšanās uz divpartiju pieeju galvenajiem sociālajiem un ekonomiskajiem tiesību aktiem,Koncentrēšanās uz jauno vēlētāju mobilizēšanu,A,miscellaneous
115,"Kura no dotajām PL formulām vislabāk simbolizē nākamo teikumu?
Vai nu Anglijas liellopu gaļas imports ir pietiekams nosacījums Francijas lauksaimniecības subsidēšanai, vai arī Ķīnas cilvēktiesību veicināšana ir nepieciešams nosacījums Dienvidāfrikas piegādātajiem dimantiem.",(A ⊃ F) ∨ (D ⊃ Ķ),(F ⊃ A) ∨ (Ķ ⊃ D),(A ⊃ F) ∨ (Ķ ⊃ D),(F ⊃ A) ∨ (D ⊃ Ķ),A,formal_logic
27,"Kā nodrošināt, ka viens indivīds nenes visa minētā darba uzdevuma slogu?",Darba specializācija,Darba dizains,Darba plāns,Darba maiņas,A,management
162,Politiskās kultūras jēdziens attiecas uz,"to kā kultūras produkti, piemēram, romāni vai gleznas, atspoguļo to radītāju politiskās ideoloģijas","pamatuzskatiem un orientāciju uz politiku, kas ir plaši izplatīta starp kultūras locekļiem","politisko pārliecību un attieksmi, kas ir kopīga cilvēkiem valsts amatos",masu mediju ideoloģiskajiem aizspriedumiem,B,sociology
40,"Rezistors ķēdē izkliedē enerģiju ar ātrumu 1 W. Ja spriegums rezistorā tiek divkāršots, kāds būs jaunais enerģijas izkliedes ātrums?","0,25 W","0,5 W",1 W,4 W,D,college_physics
47,"Smadzeņu zonas, kas ir bojātas, tiek sauktas par tādām, kurās ir",smadzeņu bojājumi,puslodes,smadzeņu daivas,kortikālie saaugumi,A,high_school_psychology
9,"Šis jautājums attiecas uz šādu informāciju.
Patiesībā Cawnpore slaktiņu savdabīgais saasinājums bija tāds, ka darbu veica subjektu rase — melnādainie vīrieši, kas uzdrošinājās izliet savu saimnieku asinis, un nabaga bezpalīdzīgās dāmas un bērni. Šeit mums bija ne tikai karojošs karš, bet mums bija reliģijas karš, rases karš un atriebības karš, cerību karš, nacionālie pamudinājumi nokratīt svešinieka jūgu un atjaunot vietējo priekšnieku pilnu varu, un viņš pilnībā pārņem vietējās reliģijas. Neatkarīgi no sacelšanās un sacelšanās cēloņiem, ir pietiekami skaidrs, ka viens no veidiem, kā līderi, it kā pēc kopēja instinkta, apņēmās īstenot savu mērķi, bija katra baltā vīrieša, sievietes vai bērna iznīcināšana, kas nonāca viņu rokās.
Britu žurnālists Viljams Hovards Rasels, My Indian Mutlny Diary, 1860
Jāuzsver, ka vardarbība bija būtiska britu klātbūtnes Indijā sastāvdaļa. Dominējošā vara vienmēr ir nemierīga ar vardarbību pret to. Tāpēc tiesības uz vardarbību visur ir privilēģija, ko iestāde bauda un atsakās dalīties ar tiem, kas tai pakļauti: vara vienmēr uzstāj uz vardarbību kā savu ekskluzīvo monopolu. Britu vara Indijā kā autokrātija bija rūpīgi izveidojusi vardarbības monopolu. 1857. gada sacelšanās sagrāva šo monopolu, liekot pretī oficiālai, atnācēju vardarbībai kolonizēto iedzīvotāju, pamatiedzīvotāju vardarbību. Briti bija ieguvuši noteiktas privilēģijas Indijā, kas to noteica dzimšana un ādas krāsa. Tas bija viņu dominēšanas, pārākuma nosacījums: valdnieki un valdnieki tika sakārtoti hierarhiski kā augstākas un zemākas rases, kā civilizētas un necivilizētas. Un šis pārākums izpaudās, noliedzot indiāņiem ""cilvēcību""; izturoties pret viņiem un uztverot viņus kā dzīvniekus.
Rudrangshu Mukherjee, ""Kanpur [Cawnpore] slaktiņi Indijā 1857. gada sacelšanās laikā"", 1990
Saskaņā ar otro fragmentu, Cawnpore slaktiņš","bija attaisnojams saskaņā ar vietējām militārajām paražām, pat ja tas pārkāpa Rietumu militārās normas.","var tikt uzskatīts par reakciju uz sistēmisko brutālo spēku, ar kuru briti pārvaldīja Indiju.",jāslavē kā drosmīgs patriotisks trieciens pret britu koloniālo apspiešanu.,"šķiet, ka tas ir labi organizētas un ilgi plānotas sazvērestības rezultāts.",B,high_school_world_history
20,Pikornavīrusa replikāciju kā pozitīvu ķēdes RNS vīrusu īpaši raksturo kurš no šiem?,Virioni pārnes RNS transkriptāzes enzīmu šūnā,Viriona RNS tiek pārvērsta vienā lielā poliproteīnā,"Viriona RNS, kas darbojas kā mRNS",Vīruss iziet šūnas apoptozes rezultātā,C,virology
13,Dabiskā likuma maldība ir,"apgalvojot, ka kaut kas noteikti ir slikts, jo tas nemaksā ļoti daudz","aizstājot atsevišķus stāstus ar lielāku paraugu, atbalstot vispārinājumu","apgalvojot, ka tam, kas ir patiess dabā, ir jābūt patiesam par cilvēkiem","tas pats, kas  post hoc maldība",C,logical_fallacies
75,"No 2019. gada apmēram cik procenti itāļu saka, ka ir ļoti svarīgi, lai mūsu valstī būtu brīvi plašsaziņas līdzekļi bez valdības/valsts cenzūras?",41%,56%,46%,86%,B,global_facts
246,Mazais ogļhidrātu daudzums uzturā:,"neietekmē vingrojumu izpildi pasākumos, kas ilgst mazāk par 10 minūtēm.",ietekmē muskuļu pH līmeni miera stāvoklī.,var pasliktināt augstas intensitātes vingrinājumu izpildi.,rada lielāku paļaušanos uz muskuļu glikogēnu slodzes laikā.,C,clinical_knowledge
191,Palmitīnskābes CH3(CH2) 14CO2H molekulas β oksidācija:,iegūst 8 acetil-CoA molekulas un dažus ATP un ūdeni.,dod tikai 16 acetil-CoA molekulas.,dod tikai oglekļa dioksīdu un ūdeni.,neiesaista skābekli.,A,clinical_knowledge
819,"Mazpilsētas policists piebrauca pie autovadītāja par ātruma pārsniegšanu. Viņš uzskatīja, ka autovadītājs ir uzbudināms un nervozs, taču viņam nebija skaidra iemesla domāt, ka kaut kas nav kārtībā. Viņš tomēr pārmeklēja automašīnu un atrada divas kārbas ar svaigi konservētiem persikiem, kas piederēja autovadītāja kaimiņam, un ziņoja, ka pirms 24 stundām tie nozagti no viņas verandas. Varas iestādes apsūdzēja viņu zādzībā saskaņā ar valsts kriminālkodeksu. Viņa ierosinājums neļaut sniegt pierādījumus nelikumīgas kratīšanas dēļ tika noraidīts. Vai apelācijas gadījumā apelācijas instances tiesa, iespējams, atcels zemākas instances tiesas lēmumu, ar kuru noraidīta prasība neļaut sniegt pierādījumus?","Jā, jo kratīšana bija pretrunā konstitūcijai, jo amatpersonai nebija pamatotu aizdomu, kas attaisnotu kratīšanu automašīnā.","Jā, jo, kad automašīna tiek izvilkta par ātruma pārsniegšanu, amatpersonai vienmēr ir jāsaņem kratīšanas orderis pirms jebkādas kratīšanas veikšanas.","Nē, apstāšanās un meklēšana atbilda normālām ātruma pārsniegšanas apstāšanās prasībām.","Nē, jo autovadītāja nīgrums ir pietiekams iemesls, lai pilnībā pārmeklētu transportlīdzekli.",A,professional_law
503,Kas ir Jaunzēlandes galvaspilsēta?,Sidneja,Velingtona,Auklenda,Melburna,B,miscellaneous
24,"Šis jautājums attiecas uz šādu informāciju.
Viena no tiesībām, ko brīvmākslinieks vienmēr ir sargājis ar vislielāko greizsirdību, ir baudīt savas nozares atlīdzību. Saprotot, ka vara uzlikt nodokļus ir vara iznīcināt un ka vara paņemt noteiktu daudzumu īpašuma vai ienākumu ir tikai vēl viens veids, kā pateikt, ka noteiktu sava laika daļu pilsonim ir jāstrādā valdības labā, visrūpīgāk tiek sargāta vara uzlikt nodokli tautai.… Valdība, kas uzliek nodokļus cilvēkiem, kurus neprasa steidzama nepieciešamība un pareiza sabiedriskā kārtība, nav brīvības aizstāvis, bet tirānijas instruments. Tā nolemj pilsoni tirānijai. Viena no pirmajām pazīmēm, kas liecina par brīvas valdības sabrukumu, ir iedzīvotāju tiesību uz savu īpašumu neņemšana vērā nodokļu uzlikšanā.… Ja vien cilvēki nevar baudīt šo saprātīgo drošību sava īpašuma valdījumā, ko garantē Konstitūcija, pret nepamatotu aplikšanu ar nodokļie, tad tās ir brīvības beigas.… Ar mums ekonomika ir obligāta. Tas ir pilnīgs pārbaudījums mūsu nacionālajam raksturam.… Vienmēr maksā cilvēki, kas strādā.
—Calvin Coolidge, ""Ekonomika visu interesēs"", 1924. gada 30. jūnijs
Augstāk minētajā fragmentā Coolidge reaģē uz kuru no šiem?",Viņa priekšgājēja Vorena Hārdinga ekonomiskā politika,Radikālās politikas pieaugošais spēks Amerikā pēc Krievijas revolūcijas,Populistiska aģitācija Rietumos,Progresīvās ēras valdības politika,D,high_school_us_history
735,"Ar kādu ātrumu sedans apgāzīsies, ieslīdot apmalē uz sāniem?",10 jūdzes/h,20 jūdzes/h,40 jūdzes/h,80 jūdzes/h,B,miscellaneous
26,"Šķidrums plūst ar nemainīgu plūsmas ātrumu caur cauruli ar dažāda diametra apaļiem šķērsgriezumiem. Vienā caurules punktā diametrs ir 2 cm un plūsmas ātrums ir 18 m/s. Kāds ir plūsmas ātrums citā šīs caurules punktā, kur diametrs ir 3 cm?",4 m/s,< 6 m/s,8 m/s,12 m/s,C,high_school_physics
49,"Ja $f(x) = 8x^3 - 6x^2 - 4x + 5 $, atrodiet vērtību $f( -2)$.",5,-75,64,-24,B,high_school_mathematics
223,Kurš no šiem apgalvojumiem attiecas uz reimatoīdo artrītu?,Reimatoīdais faktors ir 25% reimatoīdo gadījumu,Tas ir oligoartropātijas piemērs,Anēmija ir bieži sastopama parādība,Heberden mezgli ir iezīme,C,clinical_knowledge
216,"Viens no veidiem, kā novērtēt pacienta autonomiju, ir censties maksimāli palielināt viņa efektīvās iespējas. Kad mēs vērtējam pacienta autonomiju šādā veidā, ko, pēc Vellemana domām, mēs vērtējam?",pacienta pašnoteikšanās iespējas,pacienta pašnoteikšanās spējas,spēju nodrošināt pacientam iespējas,spēju dalīties iemeslos ar pacientu,A,moral_disputes
1032,"Sievietei iestājās grūtniecība laikā, kad pieauga laulības problēmas ar vīru. Viņa viņam neteica, ka ir stāvoklī, un nolēma veikt abortu, nepasakot to. Viņas štatā bija likums, kas paredzēja, ka viņai jāparaksta paziņojums, kas apliecina, ka viņa ir pastāstījusi vīram par plānoto abortu. Viņa atteicās parakstīt un iesūdzēja valsti tiesā, lai apstrīdētu likuma konstitucionalitāti. Vai likums ir antikonstitucionāls?","Nē, likums neiejaucās sievas tiesībās uz privātumu, jo vīram bija vienlīdzīgas tiesības būt aizsargātam.","Nē, likums paredzēja tikai minimālu iejaukšanos, un precētām sievietēm nebūtu grūti iegūt vīra piekrišanu.","Jā, tas ir antikonstitucionāli, jo sievietei ir neierobežotas tiesības uz abortu pēc pieprasījuma.","Jā, tas ir antikonstitucionāli, jo rada nepamatotu slogu sievietes tiesībām veikt abortu.",D,professional_law
159,"Fakts, ka pret Zemi vienmēr pavērsta tā pati Mēness puse, ir pierādījums tam, ka Mēness rotē ap savu asi apmēram vienu reizi",dienā,mēnesī,gadā,"Neviens no tiem, jo mēness nerotē ap savu asi",B,conceptual_physics
271,Kuru mērījumu vislabāk noapaļot līdz tuvākajam tūkstotim?,Futbola laukuma garums jardos,Profesionāla futbolista augums collās,Cilvēku skaits profesionālā futbola spēlē,Profesionāla futbolista svars mārciņās,C,elementary_mathematics
12,"Noteiktā apvidū dzīvojošo cilvēku ilgmūžībai ir 14 gadu standartnovirze. Kāda ir vidējā ilgmūžība, ja 30% cilvēku dzīvo ilgāk par 75 gadiem? Pieņemiet normālu sadalījumu mūža garumā.","75 - 0,30(14)","75 + 0,30(14)","75 - 0,4756(14)","75 - 0,5244(14)",D,high_school_statistics
318,"Kurā no šiem diviem scenārijiem galvenais varonis dara kaut ko acīmredzami morāli nepareizu, saskaņā ar parastajiem morāles standartiem ASV no 2020. gada? 1. scenārijs | Pusmūža krīzes laikā es uzbūvēju ""vīrieša alu"". 2. scenārijs | Es pasniedzu savam brālim zobu birsti, lai viņš varētu tīrīt zobus.","Nepareizi, nepareizi","Nepareizi, nav nepareizi","Nav nepareizi, nepareizi","Nav nepareizi, nav nepareizi",D,moral_scenarios
1005,"Valsts likums noteica, ka brīvās valsts skolu ēkas jāpārdod izsolē augstākās cenas solītājam. Baznīca pilsētā, kas atrodas štatā, vēlējās iegādāties lielākas telpas savai skolai. Pilsētas skolas valde ierosināja jaunu valsts likumu, kas ļautu tai pārdot brīvo valsts skolas ēku par cenu, kas ir zemāka par tās patieso tirgus vērtību, baznīcai, lai to izmantotu kā savu skolu. Ja šis likums tiktu pieņemts, vai tas būtu konstitucionāls?","Nē, jo nolikums, kas īpaši atļauj pārdot ēku bez konkursa, pārkāptu Četrpadsmitā grozījuma vienlīdzīgas aizsardzības klauzulu.","Nē, jo ēkas nodošana baznīcai šādos apstākļos būtu reliģijas iedibināšana, kas aizliegta ar Pirmo un Četrpadsmito grozījumu.","Jā, jo uz lieko valsts īpašumu neattiecas ierobežojumi, kas noteikti dibināšanas klauzulā, kas iekļauta dibināšanas klauzulā, kas iekļauta četrpadsmitajā grozījumā.","Jā, jo likums primāri vai būtiski neatbalstītu baznīcas reliģisko darbību.",B,professional_law
150,"Viegli veidojama ģenētiskā variācija ir galvenais faktors straujai vīrusu un mikrobu populāciju evolūcijai. Turklāt patogēni, kuriem nepieciešams izvairīties no imūnsistēmas, paļaujas uz šo variāciju, lai radītu jaunus virsmas antigēnus, kurus saimnieka imūnsistēma neatpazīst. Kurš no šiem ir šīs antigēnu variācijas piemērs?","HIV, kas daudzus gadus var palikt integrēts saimnieka genomā","Gripas vīruss, kas maina apvalka olbaltumvielas","MRSA, kas ir kļuvis rezistents pret daudzām antibiotikām","Multiplā skleroze, kas uzbrūk nervu sistēmas šūnām",B,high_school_biology
193,"Šis jautājums attiecas uz šādu informāciju.
1. avots:
""Turklāt, kungs, mūsu karaļvalstīs ir vēl viena liela neērtība, kas Dievam ir maz noderīga, un tas ir tas, ka daudzi mūsu cilvēki, kas dedzīgi vēlas, jo viņi ir no jūsu karaļvalstu izstrādājumiem un lietām, kuras šeit ieved jūsu cilvēki, un, lai apmierinātu viņu nežēlīgo apetīti, sagrābj daudzus mūsu cilvēkus, atbrīvotus un atbrīvotus vīriešus, un ļoti bieži gadās, ka viņi nolaupa pat muižniekus un mūsu radiniekus un aizved viņus uz esiet pārdoti baltajiem, kas ir mūsu valstībās.""
Kongo karaļa Afonso I vēstule Portugāles karalim Jānim III, 1526. gads
2. avots:
""Šī ekspedīcija mums ir izmaksājusi dārgi: nebūtu saprātīgi to nosūtīt mājās ar tukšām rokām. Lai gan mūsu [galvenā] vēlme ir kalpot Dievam un Kongo karaļa priekam, tomēr jūs liksiet viņam saprast - kā runājot mūsu vārdā - kas viņam jādara, lai piepildītu kuģus ar vergiem, varu vai ziloņkaulu.""
Norādījumi no Portugāles karaļa Manuela viņa sūtnim Kongo, 1512. gadā
Abas vēstules vislabāk apstiprina, kuru no šiem secinājumiem?",Diplomātiskās attiecības starp Portugāli un Kongo bieži bija sirsnīgas.,Kongo muižniekus portugāļi bieži vien uzskatīja par vergiem.,Tirdzniecība starp Portugāli un Kongo tika stingri regulēta.,Tirdzniecība starp Portugāli un Kongo bija strauja ar abām pusēm.,D,high_school_world_history
144,"Elektriskais dipols sastāv no vienādu, bet pretēju 4,0 nC lieluma punktveida lādiņu pāra, ko atdala 2,0 cm attālums. Kāds ir elektriskā lauka stiprums punktā starp lādiņiem?",0,"9,0 × 10^4 V/m","1,8 × 10^5 V/m","7,2 × 10^5 V/m",D,high_school_physics
276,"Brends (Brandt) apgalvo, ka tas, vai morāles kodekss ir ideāls, daļēji ir atkarīgs no:",noteikumu sarežģītības.,"tā, cik daudz cilvēku, visticamāk, to pārkāptu.","tā ierobežojumu izmaksas attiecībā uz vainu, ko tā izraisa.",visi minētie,D,philosophy
182,"Vienkārši pavadījumi, viegla tekstūra un gludas melodijas ir",grezns stils,partitas,Sturm und Drang,serenāde,A,miscellaneous
1,"Kāds bija IKP uz vienu iedzīvotāju Amerikas Savienotajās Valstīs 1850. gadā, pielāgojoties inflācijai un PPP 2011. gada cenās?",Aptuveni 300 $,Aptuveni 3 000 $,Aptuveni 8 000 $,Aptuveni 15 000 $,B,global_facts
152,"Klīniskajā pētījumā 30 sirpjveida šūnu anēmijas pacienti pēc nejaušības principa tiek iedalīti divās grupās. Viena grupa saņem pašlaik tirgotās zāles, bet otra grupa saņem eksperimentālās zāles. Katru nedēļu pacienti ziņo klīnikā, kur tiek veiktas asins analīzes. Laboratorijas tehniķis nezina, kādas zāles pacients lieto. Šo dizainu var raksturot kā","pilnīgi randomizēts dizains, kurā pašlaik tirgotās zāles un eksperimentālās zāles ir divas ārstēšanas metodes","saskaņotu pāru dizainu, ar pašlaik tirgotajām zālēm un eksperimentālajām zālēm, kas veido pāri","randomizēta bloka dizains, kurā pašlaik tirgotās zāles un eksperimentālās zāles ir divi bloki","randomizēta bloka dizains, kurā pašlaik tirgotās zāles un eksperimentālās zāles ir divas ārstēšanas metodes",A,high_school_statistics
201,"Kurā no šiem diviem scenārijiem galvenais varonis  dara kaut ko acīmredzami morāli nepareizu, saskaņā ar parastajiem morāles standartiem ASV no 2020. gada? 1. scenārijs | Es uzbruku mājas īpašniekam. 2. scenārijs | Es noplēsu un saplēsu papīru no dāvanām dzimšanas dienas ballītē.","Nepareizi, nepareizi","Nepareizi, nav nepareizi","Nav nepareizi, nepareizi","Nav nepareizi, nav nepareizi",B,moral_scenarios
106,"Testators nomira un ar savu testamentu atdeva visu savu mantu labdarībai, bet dāvinājums neizdevās, jo testaments tika izpildīts 10 dienas pirms testatora nāves. Pēc tam kāds vīrietis iesniedza prasību pret mantojumu, apgalvojot, ka viņš ir testatora dēls un mantinieks. Tiesā pēc vīrieša prasības vīrietis nevarēja uzrādīt nekādus pierādījumus par svinīgu laulību, bet ar neapstrīdamiem pierādījumiem konstatēja: (a) ka viņa māte un testators ir dzīvojuši kopā vairākus gadus; un (b) ka viņa māte nomira bija pirms mantojuma atstājēja par vienu dienu. Pieņemsim, ka šajā jurisdikcijā ir spēkā attiecīgie Mirušā statūti. Tiesā vīrieša advokāts izsauca lietvedi ziemas kūrorta viesnīcā. Lietvedis liecināja, ka testators un vīrieša māte bija ieradušies viesnīcā daudzus gadus un viņš bieži redzēja, ka testators paraksta viesnīcas reģistru kā ""Testatora kungs un kundze."" Lietvedības tiesai jālemj, ka lietveža liecības","ir pieņemamas, jo lietvedim bija personīgas zināšanas par šo lietu.",ir pieņemamas kā ciltsrakstu izņēmums no noklausīšanās noteikuma.,"nav pieņemamas, jo lietveža liecība nav labākais pierādījums.","nav pieņemamas, saskaņā ar Mirušā cilvēka statūtiem.",A,professional_law
1160,Prezidents ar Senāta ieteikumu un piekrišanu var iecelt:,Vēstniekus,valsts ministrus un konsulus,augstākās tiesas tiesnešus,visus minētos,D,professional_law
481,"Pensionārs bija rekorda īpašnieks maksas vienkāršā absolūtā 100 akru saimniecībā. 1998. gadā pensionārs izdomāja īpašumu savai meitai un savam draugam kā kopīpašniekiem ar apgādnieka zaudējuma tiesībām. Nākamajā gadā meita izpildīja aktu darbiniekam šādi:""Ar šo es nododu visas savas tiesības, titulu un interesi par saimniecības ziemeļaustrumu kvartālu darbiniekam un viņa mantiniekiem. ""Pēc tam meita aizņēmās 100 000 ASV dolāru no aizdevēja, un parādzīme tika izpildīta kā pierādījums parādu. 2008. gadā meita neizpildīja aizdevuma saistības, un aizdevējs kā sprieduma kreditors piedzina un pārdeva savam brāļadēlam visas (meitas) tiesības, īpašumtiesības un procentus saimniecības dienvidu pusē. ""2009. gada decembrī meita nomira bez testamenta, atstājot savu vīru kā savu vienīgo pārdzīvojušo mantinieku. Kam pieder ferma?",Draugs un darbinieks ir īrnieki kopīgā saimniecības ziemeļaustrumu kvartālā; draugs un vīrs ir īrnieki kopīgā saimniecības ziemeļrietumu kvartālā; un draugs un brāļadēls ir īrnieki kopīgā saimniecības dienvidu pusē.,Draugs un darbinieks ir kopīgi īrnieki saimniecības ziemeļaustrumu kvartālā; draugs ir īpašnieks saimniecības ziemeļrietumu kvartālā; un draugs un brāļadēls ir kopīgi īrnieki saimniecības dienvidu pusē.,Draugs un darbinieks ir kopīgi īrnieki saimniecības ziemeļaustrumu kvartālā; draugs un vīrs ir kopīgi īrnieki saimniecības ziemeļrietumu kvartālā; un brāļadēls ir īpašnieks saimniecības dienvidu pusē.,Draugs un darbinieks ir kopīgi īrnieki saimniecības ziemeļaustrumu kvartālā; draugs ir īpašnieks par atlikušajām trim ceturtdaļām saimniecības.,B,professional_law
447,Klasiskajā kondicionēšanā izglītojamais iemācās saistīt beznosacījuma stimulu ar,beznosacījumu atbilde,nosacījuma stimulu,nosacījuma reakciju,negatīvsu pastiprinātāju,B,high_school_psychology
217,"(n) ____________ galvenais mērķis ir iegūt detalizētu informāciju par darba prasībām, lai atvieglotu lēmumu pieņemšanu saistībā ar kompensāciju.",vajadzību izvērtējuma,organizatoriskās analīzes,darba analīzes,darba novērtējuma,D,professional_psychology
29,"Šis jautājums attiecas uz šādu informāciju.
Mūsu līderi runā par agresijas apturēšanu no ziemeļiem, bet šī bija cīņa starp vjetnamiešu grupām, līdz mēs iejaucāmies. Šķiet, ka mums ir vēlme glābt vjetnamiešus no Hošiminas, pat ja mums viņi ir jānogalina un jānojauc viņu valsts, lai to izdarītu. Tā kā vietējie iedzīvotāji apskata bombardētos ciematus, sievietes un bērnus, ko sadedzināja napalms, iznīcinātās rīsu kultūras un pilsētas, kurās ir mūsu militārais personāls, viņi, bez šaubām, slepeni saka par Vjetkongas partizāniem un amerikāņu spēkiem, ""Mēris uz abām jūsu mājām."" ... Pārtrauciet bombardēšanu ziemeļos un dienvidos, pārtrauciet meklēšanu un iznīciniet uzbrukuma darbības, un ierobežojiet mūsu militāro darbību ar operāciju rīkošanu uz zemes. Bombardēšana ziemeļos nav apturējusi vai nopietni traucējusi karaspēka plūsmu uz dienvidiem un, iespējams, ir izraisījusi daudz lielākus Hanojas kara centienus.
- Senators Džordžs Makgoverns, ""Vjetnamas mācības"", 1967. gada 25. aprīlis
Sajūtas, kas izteiktas augstāk minētajā runā, tieši ietekmēja, kuru no šiem?",1973. gada Kara pilnvaru aktu,1968. gada Tet uzbrukumu,Ričarda Niksona atkāpšanos 1974. gadā,Jauniešu kontrkultūras rašanos,A,high_school_us_history
187,Kādi dzīvesveida faktori nemaina veģetāriešu veselības interpretāciju salīdzinājumā ar gaļas ēdājiem?,Smēķēšanas ieradums,Sociālā klase/amats,Fiziskās nodarbes,Vecums,D,nutrition
147,"Produkcija valstī A ir 1200 vienības, un tās iedzīvotāju skaits ir 100 personas. Produkcija valstī B ir 2400 vienības, un tās iedzīvotāju skaits ir 400 personas.",Valstī A ir augstāks dzīves līmenis nekā valstī B.,Valstī A ir zemāks dzīves līmenis nekā valstī B.,Valstī A un valstī B ir vienāds dzīves līmenis.,Valsts A ir mazāk produktīva nekā valsts B.,A,high_school_macroeconomics
227,Kurā smadzeņu daļā sākotnēji tiek apstrādāta informācija no redzes nerva?,pakauša daiva,Hipotalāms,Talāms,Hipokamps,C,high_school_psychology
99,Trīs no šiem ir klasiski drošības īpašumi; kurš no tiem nav?,Konfidencialitāte,Pieejamība,Pareizība,Integritāte,B,computer_security
127,Kurš no šiem apgalvojumiem nav piemērojams miera pētījumu attīstībai divdesmitajā gadsimtā?,"Miera pētījumos viens no vēlākiem notikumiem bija liela interese par konfliktu novēršanu, konfliktu risināšanu un miera uzturēšanu.","Aukstā kara augstākajā punktā miera pētījumi bieži tika saukti par ""nomierināšanas pētījumiem"", un kritiķi pret tiem asi iebilda.","Līdz 1970. gadiem ievērojamie miera pētnieki aicināja paplašināt jomas kompetenci, bet lielākoties neveiksmīgi mēģināja.",Miera pētījumu mērķis bija sniegt globālāku un nevalstiskāku skatījumu uz galvenajiem konflikta jautājumiem.,C,security_studies
198,"Hipotēzes H0: p= 0,3 nozīmīguma testā pret alternatīvu HA: p> 0,3 tika atrasta vērtība = 0,35 95 izmēra nejaušai izlasei. Kāda ir šī testa P vērtība?",1.06,0.1446,0.2275,0.8554,B,high_school_statistics
62,Kurš no šiem apgalvojumiem ir patiess:,"Ir iespējams izvietot lineāru kārtas attiecību ≤ uz kompleksajiem skaitļiem C tā, ka (C, +, ×, ≤) nav sakārtots lauks.","Ir iespējams izvietot lineāru kārtas attiecību uz kompleksajiem skaitļiem C, kas veido (C, +, ×, ≤) sakārtotu lauku.","Ne (a), ne (b)","Gan a), gan b).",A,college_mathematics
231,"Kurā no šiem diviem scenārijiem galvenais varonis  dara kaut ko acīmredzami morāli nepareizu, saskaņā ar parastajiem morāles standartiem ASV no 2020. gada? 1. scenārijs | Es atstāju savus netīros šķīvjus un krūzes darba pārtraukuma telpas izlietnē. 2. scenārijs | Man patīk apskaut un noskūpstīt sievu un nopirkt viņai ziedus.","Nepareizi, nepareizi","Nepareizi, nav nepareizi","Nav nepareizi, nepareizi","Nav nepareizi, nav nepareizi",B,moral_scenarios
161,"Tās ir īslaicīgas lietošanas preces vai pakalpojumi, ko bieži vien pērk, pirms pirkuma maz pārdomājot vai apsverot:",Impulsa preces,Rūpniecības preces,Ērtības preces,Luksusa preces,C,marketing
37,Kā jūs saucat jaunu govi?,ķēve,teķītis,bērns,teļš,D,miscellaneous
1,"Pieņemsim, ka TLS savienojums ir veiksmīgi izveidots starp klientu un serveri. Sesijas izveidošana ietvēra servera sertifikāta pārbaudi un DiffieHelmann apmaiņas izpildi, bet klients nesniedza klienta sertifikātu. Turklāt pieņemsim, ka klients un serveris ir godīgi, ka klients un serveris nenopludina savas atslēgas un ka kriptogrāfija ir laba. Pret kuru no šiem uzbrukumiem TLS aizsargā?
1. Uzbrucējs, kas atskaņo baitu, ko klients nosūtīja agrāk.
2. Uzbrucējs uzdodas par serveri.","Patiess, patiess","Nepatiess, nepatiess","Patiess, nepatiess","Nepatiess, patiess",A,computer_security
592,"Puisis ar draudzeni apmeklēja mājas ballīti. Kamēr notika ballīte, daži pusaudži no apkaimes vandīja dažas automašīnas, kas bija novietotas pie mājas. Viņi salauza priekšējos lukturus un nozaga akumulatoru no puiša automašīnas. Kad ballīte beidzās, draugs un viņa draudzene izgāja no mājas un iekāpa viņa automašīnā. Puisis, kurš grasījās aizvest savu draudzeni mājās, nezināja par notikušo. Viņš mēģināja iedarbināt mašīnu, bet tā neieslēdzās. Divi policisti, kas atradās ārpus mājas, vēroja puisi, kad viņš mēģināja iedarbināt automašīnu. Pēc tam viņi vērsās pie drauga un apsūdzēja viņu par mēģinājumu pārkāpt vietējo rīkojumu, padarot par pārkāpumu braukšanu naktī bez lukturiem. Drauga labākā aizstāvība pret apsūdzību ir",faktiskā neiespējamība.,patiesības kļūda.,bezizejas situācija.,nav nepieciešamā nolūka.,D,professional_law
259,"35 gadus vecs vīrietis ierodas HIV testēšanas birojā saņemt testa rezultātu, un viņš tiek informēts, ka rezultāts ir pozitīvs. Pacients pretojas atklāt informāciju savai sievai, jo viņš nav viņai pastāstījis par saviem ārlaulības seksuālajiem partneriem. Ārsts informē pacientu, ka viņa sievas tiesības zināt ir vissvarīgākās, jo viņa varētu būt arī HIV pozitīva. Kura no šīm attiecībām vislabāk raksturo ārsta ieteikuma pamatojumu, ka pacients informē sievu par savu stāvokli nevis neizpauž šo informāciju?",autonomija ir svarīgāka par labdarību,autonomija ir svarīgāka par taisnīgumu,labdarība ir svarīgāka par autonomiju,nekaitēšana ir svarīgāka par autonomiju,D,professional_medicine
54,"Ko nozīmē termins ""Jaunā pasaules kārtība""?","Jauns demokrātisks internacionālisms, ko vada Amerikas Savienotās Valstis",Jauns spēku samērs starp ASV un Ķīnu,Jauns pasaules ekonomikas satvars,Jauns globalizācijas laikmets,A,us_foreign_policy
131,Maču Pikču tika uzcelta kalnos kā:,aizsardzības cietoksnis.,svētnīca inku lietus dievam.,relaksējoša atpūtas vieta elitei.,Astronomiskā observatorija,C,prehistory
468,"Saskaņā ar bērnudārza pantiņu, kāda veida okeānu Kolumbs kuģoja 1492. gadā?",Mierīgu,Zilu,Vējainu,Ļoti lielu,B,miscellaneous
220,Kurš no šiem neirotransmiteriem ir visprecīzāk saistīts ar baudas pieredzi?,GABA,Acetilholīns,Serotonīns,Dopamīns,D,high_school_psychology
8,Kā Pirmais pasaules karš pārcēla ekonomisko varu no Eiropas uz Amerikas Savienotajām Valstīm?,Karš samazināja Eiropas iedzīvotāju skaitu zem Amerikas Savienoto Valstu līmeņa,Amerikas Savienotās Valstis pēc kara sagrāba Vācijas resursus,Eiropas valstis samaksāja Amerikas Savienotajām Valstīm par palīdzību,"Amerikas Savienotās Valstis kļuva par kreditorvalsti un finanšu centru, un Eiropas kara izdevumi veicināja ASV ekonomiku",D,us_foreign_policy
177,"Kurā no šiem diviem scenārijiem galvenais varonis  dara kaut ko acīmredzami morāli nepareizu, saskaņā ar parastajiem morāles standartiem ASV no 2020. gada? 1. scenārijs | Es pievilku viņas automašīnas uzgriežņus. 2. scenārijs | Es teicu savam dēlam, ka viņš nevarēs ēst konfektes līdz vakariņām.","Nepareizi, nepareizi","Nepareizi, nav nepareizi","Nav nepareizi, nepareizi","Nav nepareizi, nav nepareizi",D,moral_scenarios
68,"1. _________ ietvars padarīja ievainojamību noteikšanu vieglu, kā noklikšķināšanu ar peli.",.Net,Metasploit,Zeus,Ettercap,B,computer_security
223,"Sievietei piederēja zeme ar pilnīgām īpašumtiesībām. Sieviete nodeva zemi draugam ""uz mūžu"", un pēc drauga nāves zemei bija jānonāk sievietes kaimiņienei ""un viņas mantiniekiem"". Kaimiņiene nomira un savā pienācīgi apstiprinātajā testamentā novēlēja visu savu īpašumu vietējai labdarības organizācijai. Ja viņa būtu mirusi bez testamenta, viņas meita būtu bijusi viņas vienīgā mantiniece. Vienu gadu pēc kaimiņienes nāves viņas meita parakstīja atteikšanās aktu, nododot jebkādas tiesības, kas viņai varētu būt uz zemi, sievietes draugam. Jurisdikcijā darbojas nemodificēts vispārējās tiesību sistēmas Noteikums pret ilgstošiem ierobežojumiem (Rule Against Perpetuities). Nav citu piemērojamu likumu. Kam ir kādas tiesības uz zemi?
","Draugam ir pilnīgas īpašumtiesības, jo viņa mūža īpašums apvienojās ar atlikušo daļu, ko viņam nodeva meita.","Draugam ir mūža īpašums, un labdarības organizācijai ir nostiprinātas tiesības uz atlikušo daļu, jo kaimiņienes intereses bija nododamas ar testamentu.","Draugam ir mūža īpašums, un meitai ir nostiprinātas tiesības uz atlikušo daļu, jo sievietes sastādītais akts radīja interesi kaimiņienes mantiniekiem.","Draugam ir mūža īpašums, un sievietei ir atpakaļatdošanas tiesības, jo kaimiņienes tiesības uz atlikušo daļu bija spēkā neesošas saskaņā ar Noteikumu pret ilgstošiem ierobežojumiem.",B,professional_law
125,"Pauli izslēgšanas princips nosaka, ka",diviem elektroniem nevar būt vienāda enerģija,diviem elektroniem nevar būt vienādi četri kvantu skaitļi,divi elektroni nevar aizņemt atsevišķas orbītas,"divi elektroni nevar savienoties, ja ir pieejama tukša orbīta",B,high_school_chemistry
96,"Homo floresiensis no Floresas salas ir radies pirms aptuveni 35 000 līdz 14 000 gadiem, un, pēc dažu pētnieku domām, tas ir līdzīgs vai saistīts ar:",Homo erectus.,Homo habilis.,Homo ergaster.,Australopithecus afarensis.,A,prehistory
127,"Kurā no šiem diviem scenārijiem galvenais varonis  dara kaut ko acīmredzami morāli nepareizu, saskaņā ar parastajiem morāles standartiem ASV no 2020. gada? 1. scenārijs | Es aizvedu nevainīg vīrieti uz viņa mājām. 2. scenārijs | Es pagatavoju savam mazulim kokteili, ko dzert.","Nepareizi, nepareizi","Nepareizi, nav nepareizi","Nav nepareizi, nepareizi","Nav nepareizi, nav nepareizi",C,moral_scenarios
50,Akvīnas skatījumā cilvēka galējā laime atrodama:,baudā,morāles tikumu izpausmēs,mīlestībā pret Dievu,domās par Dievu,D,philosophy
116,"Farmaceits bija nodarbināts zāļu veikalā. Ilggadēja aptiekas kliente farmaceitam uzrādīja recepti zālēm Clinoril, kuras ārsts izrakstīja viņas artrīta ārstēšanai. Farmaceits tajā dienā steidzās aizpildāmo recepšu dēļ, un viņš nepareizi nolasīja klienta recepti. Viņš aizpildīja viņas recepti ar Clinitest, kodīgu vielu, kas nav paredzēta iekšējai lietošanai. Viņš marķēja konteineru ar Clinoril instrukcijām: ""Lietojiet vienu tableti divas reizes dienā. ""Klients izpildīja norādījumus, lietoja Clinitest un guva smagas kuņģa un barības vada traumas. Ja klients ceļ stingru atbildību par delikta prasību pret farmaceitu, kāda ir viņa labākā aizstāvība?","Naudu par zālēm personīgi saņēma kasieris, nevis viņš.","Viņš nebija produkta pārdevējs, kam var piemērot stingro atbildību.",Viņš rīkojās ar saprātīgu rūpību attiecīgajos apstākļos.,"Aptieka nebija ražotājs, kam gulstas galīgā atbildība.",B,professional_law
26,Kurš no šiem apgalvojumiem ir nepatiess par vienkāršiem nejaušiem paraugiem?,"Paraugam jābūt pietiekami lielam, lai to pareizi uzskatītu par vienkāršu nejaušu paraugu.","Parauga pārbaude nesniegs nekādas norādes par to, vai tas ir vienkāršs nejaušs paraugs.",Vienkārša nejauša parauga atribūti var ļoti atšķirties no populācijas atribūtiem.,Katram iedzīvotāju elementam ir vienādas iespējas tikt izvēlētam.,A,high_school_statistics
307,Stephen Macedo pievēršas imigrācijas ētiskajam jautājumam no _____ taisnīguma viedokļa.,feministiskā,globālā,sadalošā (distributīvā),starptautiskā,C,moral_disputes
575,"Kurā no šiem diviem scenārijiem galvenais varonis  dara kaut ko acīmredzami morāli nepareizu, saskaņā ar parastajiem morāles standartiem ASV no 2020. gada? 1. scenārijs | Es nometu bērnu pēc tam, kad biju pabeidzis to barot. 2. scenārijs | Es braucu cauri sarkanajai gaismai","Nepareizi, nepareizi","Nepareizi, nav nepareizi","Nav nepareizi, nepareizi","Nav nepareizi, nav nepareizi",A,moral_scenarios
158,Ja FED pērk obligācijas otrreizējā tirgū,naudas piedāvājums palielināsies.,naudas piedāvājums samazināsies.,naudas piedāvājums netiks ietekmēts.,diskonta likme tiktu ietekmēta.,A,high_school_macroeconomics